,accuracy,time,cweights_time,fsubsequence_time,tdataset_time,tclassifier_time,dataset_name,classifier_name,rpoint,nb_per_class,method,len_method
0,0.9708454810495627,3.425344467163086,0.007323265075683594,0.8344838619232178,2.580251693725586,0.002349853515625,Chinatown,ACF&PACF: n_random_points=1000 nb_inst_per_class=(max instances per class)//2,1000,(max instances per class)//2,Rsast,ACF&PACF
1,0.9795918367346939,0.15625882148742676,0.005901336669921875,0.06676125526428223,0.08123207092285156,0.0018770694732666016,Chinatown,ACF&PACF: n_random_points= (lenthg ts)//2 nb_inst_per_class=1000,(lenthg ts)//2,1000,Rsast,ACF&PACF
2,0.9766763848396501,0.09257102012634277,0.008219480514526367,0.026569128036499023,0.04938769340515137,0.0071218013763427734,Chinatown,ACF&PACF: n_random_points=10000 nb_inst_per_class=(max instances per class)//2,10000,(max instances per class)//2,Rsast,ACF&PACF
3,0.9854227405247813,0.13521957397460938,0.009198665618896484,0.04046225547790527,0.08308291435241699,0.0018362998962402344,Chinatown,ACF&PACF: n_random_points= (lenthg ts)//2 nb_inst_per_class=10000,(lenthg ts)//2,10000,Rsast,ACF&PACF
