,accuracy,time,cweights_time,fsubsequence_time,tdataset_time,tclassifier_time,dataset_name,classifier_name,rpoint,nb_per_class,method,len_method
0,0.9,0.7244489192962646,0.014620780944824219,0.13866829872131348,0.5248908996582031,0.04517412185668945,SmoothSubspace,ACF&PACF: n_random_points=1000 nb_inst_per_class=(max instances per class)//2,1000,(max instances per class)//2,Rsast,ACF&PACF
1,0.9333333333333333,0.9416346549987793,0.007207155227661133,0.18060874938964844,0.7297070026397705,0.023167848587036133,SmoothSubspace,ACF&PACF: n_random_points= (lenthg ts)//2 nb_inst_per_class=1000,(lenthg ts)//2,1000,Rsast,ACF&PACF
2,0.9266666666666666,0.7357783317565918,0.00473332405090332,0.12198805809020996,0.5826623439788818,0.025455474853515625,SmoothSubspace,ACF&PACF: n_random_points=10000 nb_inst_per_class=(max instances per class)//2,10000,(max instances per class)//2,Rsast,ACF&PACF
3,0.94,0.9699828624725342,0.005224704742431641,0.19780826568603516,0.7372245788574219,0.02868342399597168,SmoothSubspace,ACF&PACF: n_random_points= (lenthg ts)//2 nb_inst_per_class=10000,(lenthg ts)//2,10000,Rsast,ACF&PACF
