,accuracy,time,cweights_time,fsubsequence_time,tdataset_time,tclassifier_time,dataset_name,classifier_name,rpoint,nb_per_class,method,len_method
0,0.8898216159496327,1.592010498046875,0.014494895935058594,0.07924628257751465,1.4922263622283936,0.00448298454284668,SonyAIBORobotSurface2,ACF&PACF: n_random_points=1000 nb_inst_per_class=(max instances per class)//2,1000,(max instances per class)//2,Rsast,ACF&PACF
1,0.9118572927597062,2.431314468383789,0.015879154205322266,0.1694962978363037,2.1993157863616943,0.04372668266296387,SonyAIBORobotSurface2,ACF&PACF: n_random_points= (lenthg ts)//2 nb_inst_per_class=1000,(lenthg ts)//2,1000,Rsast,ACF&PACF
2,0.8940188877229801,1.7868502140045166,0.014035224914550781,0.0810236930847168,1.684373140335083,0.0054857730865478516,SonyAIBORobotSurface2,ACF&PACF: n_random_points=10000 nb_inst_per_class=(max instances per class)//2,10000,(max instances per class)//2,Rsast,ACF&PACF
3,0.9097586568730325,2.4553630352020264,0.024555206298828125,0.17042279243469238,2.254047393798828,0.005077838897705078,SonyAIBORobotSurface2,ACF&PACF: n_random_points= (lenthg ts)//2 nb_inst_per_class=10000,(lenthg ts)//2,10000,Rsast,ACF&PACF
