,accuracy,time,cweights_time,fsubsequence_time,tdataset_time,tclassifier_time,dataset_name,classifier_name,rpoint,nb_per_class,method,len_method
0,0.9866666666666667,136.47840690612793,0.053278446197509766,2.591212034225464,133.7115514278412,0.09684062004089355,GunPoint,ACF&PACF: n_random_points=1000 nb_inst_per_class=(max instances per class)//2,1000,(max instances per class)//2,Rsast,ACF&PACF
1,0.9866666666666667,172.0338432788849,0.029005765914916992,3.1675074100494385,168.64988613128662,0.16660690307617188,GunPoint,ACF&PACF: n_random_points= (lenthg ts)//2 nb_inst_per_class=1000,(lenthg ts)//2,1000,Rsast,ACF&PACF
2,0.98,130.20397186279297,0.028040647506713867,1.8761827945709229,128.14435005187988,0.13295793533325195,GunPoint,ACF&PACF: n_random_points=10000 nb_inst_per_class=(max instances per class)//2,10000,(max instances per class)//2,Rsast,ACF&PACF
3,0.9866666666666667,170.74864768981934,0.03151082992553711,3.443457841873169,167.1102397441864,0.14111709594726562,GunPoint,ACF&PACF: n_random_points= (lenthg ts)//2 nb_inst_per_class=10000,(lenthg ts)//2,10000,Rsast,ACF&PACF
