,accuracy,time,cweights_time,fsubsequence_time,tdataset_time,tclassifier_time,dataset_name,classifier_name,rpoint,nb_per_class,method,len_method
0,0.9708454810495627,0.10826659202575684,0.008472204208374023,0.029336214065551758,0.06676936149597168,0.0028281211853027344,Chinatown,ACF&PACF: n_random_points=1000 nb_inst_per_class=(max instances per class)//2,1000,(max instances per class)//2,Rsast,ACF&PACF
1,0.9795918367346939,0.17004156112670898,0.014023542404174805,0.03649401664733887,0.09776139259338379,0.020539283752441406,Chinatown,ACF&PACF: n_random_points= (lenthg ts)//2 nb_inst_per_class=1000,(lenthg ts)//2,1000,Rsast,ACF&PACF
2,0.9708454810495627,0.12588238716125488,0.0065958499908447266,0.025061368942260742,0.0701289176940918,0.023117780685424805,Chinatown,ACF&PACF: n_random_points=10000 nb_inst_per_class=(max instances per class)//2,10000,(max instances per class)//2,Rsast,ACF&PACF
3,0.9854227405247813,0.12854290008544922,0.005982875823974609,0.04376101493835449,0.07596993446350098,0.0023546218872070312,Chinatown,ACF&PACF: n_random_points= (lenthg ts)//2 nb_inst_per_class=10000,(lenthg ts)//2,10000,Rsast,ACF&PACF
