,accuracy,time,cweights_time,fsubsequence_time,tdataset_time,tclassifier_time,dataset_name,classifier_name,rpoint,nb_per_class,method,len_method
0,0.9416909620991254,2.8196804523468018,0.005793094635009766,0.6766777038574219,2.1170592308044434,0.019404888153076172,Chinatown,ACF&PACF: n_random_points=1000 nb_inst_per_class=1,1000,1,Rsast,ACF&PACF
1,0.9825072886297376,0.23575425148010254,0.018909931182861328,0.07069253921508789,0.12169504165649414,0.024018287658691406,Chinatown,ACF&PACF: n_random_points=1000 nb_inst_per_class=10,1000,10,Rsast,ACF&PACF
2,0.9825072886297376,0.27457690238952637,0.026246309280395508,0.07678437232971191,0.13596248626708984,0.03132200241088867,Chinatown,ACF&PACF: n_random_points=1000 nb_inst_per_class=30,1000,30,Rsast,ACF&PACF
3,0.9825072886297376,0.21981215476989746,0.02616739273071289,0.07628321647644043,0.09031796455383301,0.015325307846069336,Chinatown,ACF&PACF: n_random_points=1000 nb_inst_per_class=50,1000,50,Rsast,ACF&PACF
4,0.9825072886297376,0.2143542766571045,0.005103349685668945,0.08221173286437988,0.11790895462036133,0.008558511734008789,Chinatown,ACF&PACF: n_random_points=1000 nb_inst_per_class=100,1000,100,Rsast,ACF&PACF
5,0.9650145772594753,0.07825541496276855,0.005789518356323242,0.0059969425201416016,0.05018186569213867,0.01478719711303711,Chinatown,ACF&PACF: n_random_points=10000 nb_inst_per_class=1,10000,1,Rsast,ACF&PACF
6,0.9825072886297376,0.23086166381835938,0.005662202835083008,0.07825279235839844,0.12468147277832031,0.012387990951538086,Chinatown,ACF&PACF: n_random_points=10000 nb_inst_per_class=10,10000,10,Rsast,ACF&PACF
7,0.9825072886297376,0.27867817878723145,0.02422952651977539,0.0824732780456543,0.14065170288085938,0.03075122833251953,Chinatown,ACF&PACF: n_random_points=10000 nb_inst_per_class=30,10000,30,Rsast,ACF&PACF
8,0.9825072886297376,0.23217391967773438,0.009118080139160156,0.09177136421203613,0.10081934928894043,0.02471017837524414,Chinatown,ACF&PACF: n_random_points=10000 nb_inst_per_class=50,10000,50,Rsast,ACF&PACF
9,0.9825072886297376,0.27225184440612793,0.011030912399291992,0.0984194278717041,0.12578511238098145,0.03208446502685547,Chinatown,ACF&PACF: n_random_points=10000 nb_inst_per_class=100,10000,100,Rsast,ACF&PACF
