,accuracy,time,cweights_time,fsubsequence_time,tdataset_time,tclassifier_time,dataset_name,classifier_name,rpoint,nb_per_class,method,len_method
0,0.9766763848396501,2.822545289993286,0.0053975582122802734,0.6885178089141846,2.107135057449341,0.021044492721557617,Chinatown,ACF&PACF: n_random_points=1000 nb_inst_per_class=(max instances per class)//2,1000,(max instances per class)//2,Rsast,ACF&PACF
1,0.9825072886297376,0.22046351432800293,0.015737295150756836,0.06215310096740723,0.11330175399780273,0.028813600540161133,Chinatown,ACF&PACF: n_random_points= (lenthg ts)//2 nb_inst_per_class=1000,(lenthg ts)//2,1000,Rsast,ACF&PACF
2,0.9795918367346939,0.15039920806884766,0.005633354187011719,0.047775983810424805,0.07945799827575684,0.01551365852355957,Chinatown,ACF&PACF: n_random_points=10000 nb_inst_per_class=(max instances per class)//2,10000,(max instances per class)//2,Rsast,ACF&PACF
3,0.9854227405247813,0.22631478309631348,0.01911020278930664,0.09949517250061035,0.07529354095458984,0.03180885314941406,Chinatown,ACF&PACF: n_random_points= (lenthg ts)//2 nb_inst_per_class=10000,(lenthg ts)//2,10000,Rsast,ACF&PACF
